"filename", "language", "C++", "CMake", "Dart", "YAML", "Markdown", "Swift", "HTML", "JSON", "XML", "Groovy", "Properties", "Java", "comment", "blank", "total"
"c:\Users\sszajbely\FlutterProjects\lender_app\README.md", "Markdown", 0, 0, 0, 0, 4, 0, 0, 0, 0, 0, 0, 0, 0, 3, 7
"c:\Users\sszajbely\FlutterProjects\lender_app\analysis_options.yaml", "YAML", 0, 0, 0, 3, 0, 0, 0, 0, 0, 0, 0, 0, 23, 4, 30
"c:\Users\sszajbely\FlutterProjects\lender_app\android\app\build.gradle", "Groovy", 0, 0, 0, 0, 0, 0, 0, 0, 0, 71, 0, 0, 1, 14, 86
"c:\Users\sszajbely\FlutterProjects\lender_app\android\app\src\debug\AndroidManifest.xml", "XML", 0, 0, 0, 0, 0, 0, 0, 0, 4, 0, 0, 0, 3, 1, 8
"c:\Users\sszajbely\FlutterProjects\lender_app\android\app\src\debug\gen\csocsort\hu\machiato32\csocsort_szamla\BuildConfig.java", "Java", 0, 0, 0, 0, 0, 0, 0, 0, 0, 0, 0, 4, 2, 2, 8
"c:\Users\sszajbely\FlutterProjects\lender_app\android\app\src\debug\gen\csocsort\hu\machiato32\csocsort_szamla\Manifest.java", "Java", 0, 0, 0, 0, 0, 0, 0, 0, 0, 0, 0, 3, 2, 2, 7
"c:\Users\sszajbely\FlutterProjects\lender_app\android\app\src\debug\gen\csocsort\hu\machiato32\csocsort_szamla\R.java", "Java", 0, 0, 0, 0, 0, 0, 0, 0, 0, 0, 0, 3, 2, 2, 7
"c:\Users\sszajbely\FlutterProjects\lender_app\android\app\src\main\AndroidManifest.xml", "XML", 0, 0, 0, 0, 0, 0, 0, 0, 72, 0, 0, 0, 10, 3, 85
"c:\Users\sszajbely\FlutterProjects\lender_app\android\app\src\main\gen\csocsort\hu\machiato32\csocsort_szamla\BuildConfig.java", "Java", 0, 0, 0, 0, 0, 0, 0, 0, 0, 0, 0, 4, 2, 2, 8
"c:\Users\sszajbely\FlutterProjects\lender_app\android\app\src\main\gen\csocsort\hu\machiato32\csocsort_szamla\Manifest.java", "Java", 0, 0, 0, 0, 0, 0, 0, 0, 0, 0, 0, 3, 2, 2, 7
"c:\Users\sszajbely\FlutterProjects\lender_app\android\app\src\main\gen\csocsort\hu\machiato32\csocsort_szamla\R.java", "Java", 0, 0, 0, 0, 0, 0, 0, 0, 0, 0, 0, 3, 2, 2, 7
"c:\Users\sszajbely\FlutterProjects\lender_app\android\app\src\main\res\drawable-v21\launch_background.xml", "XML", 0, 0, 0, 0, 0, 0, 0, 0, 7, 0, 0, 0, 7, 2, 16
"c:\Users\sszajbely\FlutterProjects\lender_app\android\app\src\main\res\drawable-v23\launch_background.xml", "XML", 0, 0, 0, 0, 0, 0, 0, 0, 9, 0, 0, 0, 7, 2, 18
"c:\Users\sszajbely\FlutterProjects\lender_app\android\app\src\main\res\drawable\launch_background.xml", "XML", 0, 0, 0, 0, 0, 0, 0, 0, 7, 0, 0, 0, 7, 2, 16
"c:\Users\sszajbely\FlutterProjects\lender_app\android\app\src\main\res\mipmap-anydpi-v26\dodo_icon.xml", "XML", 0, 0, 0, 0, 0, 0, 0, 0, 6, 0, 0, 0, 0, 0, 6
"c:\Users\sszajbely\FlutterProjects\lender_app\android\app\src\main\res\values-night\styles.xml", "XML", 0, 0, 0, 0, 0, 0, 0, 0, 9, 0, 0, 0, 9, 1, 19
"c:\Users\sszajbely\FlutterProjects\lender_app\android\app\src\main\res\values\dodo_icon_background.xml", "XML", 0, 0, 0, 0, 0, 0, 0, 0, 4, 0, 0, 0, 0, 0, 4
"c:\Users\sszajbely\FlutterProjects\lender_app\android\app\src\main\res\values\string.xml", "XML", 0, 0, 0, 0, 0, 0, 0, 0, 4, 0, 0, 0, 0, 0, 4
"c:\Users\sszajbely\FlutterProjects\lender_app\android\app\src\main\res\values\styles.xml", "XML", 0, 0, 0, 0, 0, 0, 0, 0, 6, 0, 0, 0, 2, 1, 9
"c:\Users\sszajbely\FlutterProjects\lender_app\android\app\src\profile\AndroidManifest.xml", "XML", 0, 0, 0, 0, 0, 0, 0, 0, 4, 0, 0, 0, 3, 1, 8
"c:\Users\sszajbely\FlutterProjects\lender_app\android\app\src\profile\gen\csocsort\hu\machiato32\csocsort_szamla\BuildConfig.java", "Java", 0, 0, 0, 0, 0, 0, 0, 0, 0, 0, 0, 4, 2, 2, 8
"c:\Users\sszajbely\FlutterProjects\lender_app\android\app\src\profile\gen\csocsort\hu\machiato32\csocsort_szamla\Manifest.java", "Java", 0, 0, 0, 0, 0, 0, 0, 0, 0, 0, 0, 3, 2, 2, 7
"c:\Users\sszajbely\FlutterProjects\lender_app\android\app\src\profile\gen\csocsort\hu\machiato32\csocsort_szamla\R.java", "Java", 0, 0, 0, 0, 0, 0, 0, 0, 0, 0, 0, 3, 2, 2, 7
"c:\Users\sszajbely\FlutterProjects\lender_app\android\build.gradle", "Groovy", 0, 0, 0, 0, 0, 0, 0, 0, 0, 28, 0, 0, 0, 5, 33
"c:\Users\sszajbely\FlutterProjects\lender_app\android\gradle.properties", "Properties", 0, 0, 0, 0, 0, 0, 0, 0, 0, 0, 4, 0, 0, 2, 6
"c:\Users\sszajbely\FlutterProjects\lender_app\android\gradle\wrapper\gradle-wrapper.properties", "Properties", 0, 0, 0, 0, 0, 0, 0, 0, 0, 0, 5, 0, 1, 1, 7
"c:\Users\sszajbely\FlutterProjects\lender_app\android\settings.gradle", "Groovy", 0, 0, 0, 0, 0, 0, 0, 0, 0, 12, 0, 0, 0, 4, 16
"c:\Users\sszajbely\FlutterProjects\lender_app\assets\translations\de.json", "JSON", 0, 0, 0, 0, 0, 0, 0, 323, 0, 0, 0, 0, 0, 112, 435
"c:\Users\sszajbely\FlutterProjects\lender_app\assets\translations\en.json", "JSON", 0, 0, 0, 0, 0, 0, 0, 323, 0, 0, 0, 0, 0, 111, 434
"c:\Users\sszajbely\FlutterProjects\lender_app\assets\translations\hu.json", "JSON", 0, 0, 0, 0, 0, 0, 0, 322, 0, 0, 0, 0, 0, 111, 433
"c:\Users\sszajbely\FlutterProjects\lender_app\assets\translations\it.json", "JSON", 0, 0, 0, 0, 0, 0, 0, 321, 0, 0, 0, 0, 0, 112, 433
"c:\Users\sszajbely\FlutterProjects\lender_app\ios\Runner\AppDelegate.swift", "Swift", 0, 0, 0, 0, 0, 15, 0, 0, 0, 0, 0, 0, 0, 2, 17
"c:\Users\sszajbely\FlutterProjects\lender_app\ios\Runner\Assets.xcassets\AppIcon.appiconset\Contents.json", "JSON", 0, 0, 0, 0, 0, 0, 0, 134, 0, 0, 0, 0, 0, 0, 134
"c:\Users\sszajbely\FlutterProjects\lender_app\ios\Runner\Assets.xcassets\LaunchImage.imageset\Contents.json", "JSON", 0, 0, 0, 0, 0, 0, 0, 23, 0, 0, 0, 0, 0, 1, 24
"c:\Users\sszajbely\FlutterProjects\lender_app\ios\Runner\Assets.xcassets\LaunchImage.imageset\README.md", "Markdown", 0, 0, 0, 0, 3, 0, 0, 0, 0, 0, 0, 0, 0, 2, 5
"c:\Users\sszajbely\FlutterProjects\lender_app\ios\Runner\Base.lproj\LaunchScreen.storyboard", "XML", 0, 0, 0, 0, 0, 0, 0, 0, 36, 0, 0, 0, 1, 1, 38
"c:\Users\sszajbely\FlutterProjects\lender_app\ios\Runner\Base.lproj\Main.storyboard", "XML", 0, 0, 0, 0, 0, 0, 0, 0, 25, 0, 0, 0, 1, 1, 27
"c:\Users\sszajbely\FlutterProjects\lender_app\ios\Runner\Runner-Bridging-Header.h", "C++", 1, 0, 0, 0, 0, 0, 0, 0, 0, 0, 0, 0, 0, 0, 1
"c:\Users\sszajbely\FlutterProjects\lender_app\lib\auth\forgot_password_dialog.dart", "Dart", 0, 0, 69, 0, 0, 0, 0, 0, 0, 0, 0, 0, 0, 5, 74
"c:\Users\sszajbely\FlutterProjects\lender_app\lib\auth\forgot_password_page.dart", "Dart", 0, 0, 66, 0, 0, 0, 0, 0, 0, 0, 0, 0, 0, 6, 72
"c:\Users\sszajbely\FlutterProjects\lender_app\lib\auth\login\login_methods.dart", "Dart", 0, 0, 118, 0, 0, 0, 0, 0, 0, 0, 0, 0, 0, 7, 125
"c:\Users\sszajbely\FlutterProjects\lender_app\lib\auth\login\login_pin_page.dart", "Dart", 0, 0, 126, 0, 0, 0, 0, 0, 0, 0, 0, 0, 0, 5, 131
"c:\Users\sszajbely\FlutterProjects\lender_app\lib\auth\login\password_page.dart", "Dart", 0, 0, 146, 0, 0, 0, 0, 0, 0, 0, 0, 0, 0, 6, 152
"c:\Users\sszajbely\FlutterProjects\lender_app\lib\auth\login_or_register_page.dart", "Dart", 0, 0, 201, 0, 0, 0, 0, 0, 0, 0, 0, 0, 0, 6, 207
"c:\Users\sszajbely\FlutterProjects\lender_app\lib\auth\name_page.dart", "Dart", 0, 0, 255, 0, 0, 0, 0, 0, 0, 0, 0, 0, 0, 10, 265
"c:\Users\sszajbely\FlutterProjects\lender_app\lib\auth\pin_number_button.dart", "Dart", 0, 0, 140, 0, 0, 0, 0, 0, 0, 0, 0, 0, 1, 6, 147
"c:\Users\sszajbely\FlutterProjects\lender_app\lib\auth\pin_pad.dart", "Dart", 0, 0, 199, 0, 0, 0, 0, 0, 0, 0, 0, 0, 0, 4, 203
"c:\Users\sszajbely\FlutterProjects\lender_app\lib\auth\registration\currency_page.dart", "Dart", 0, 0, 97, 0, 0, 0, 0, 0, 0, 0, 0, 0, 0, 3, 100
"c:\Users\sszajbely\FlutterProjects\lender_app\lib\auth\registration\personalised_ads_page.dart", "Dart", 0, 0, 178, 0, 0, 0, 0, 0, 0, 0, 0, 0, 0, 8, 186
"c:\Users\sszajbely\FlutterProjects\lender_app\lib\auth\registration\register_pin_page.dart", "Dart", 0, 0, 129, 0, 0, 0, 0, 0, 0, 0, 0, 0, 0, 3, 132
"c:\Users\sszajbely\FlutterProjects\lender_app\lib\balance\balances.dart", "Dart", 0, 0, 436, 0, 0, 0, 0, 0, 0, 0, 0, 0, 3, 18, 457
"c:\Users\sszajbely\FlutterProjects\lender_app\lib\balance\select_balance_currency.dart", "Dart", 0, 0, 65, 0, 0, 0, 0, 0, 0, 0, 0, 0, 0, 7, 72
"c:\Users\sszajbely\FlutterProjects\lender_app\lib\essentials\app_state_notifier.dart", "Dart", 0, 0, 18, 0, 0, 0, 0, 0, 0, 0, 0, 0, 0, 5, 23
"c:\Users\sszajbely\FlutterProjects\lender_app\lib\essentials\app_theme.dart", "Dart", 0, 0, 518, 0, 0, 0, 0, 0, 0, 0, 0, 0, 9, 9, 536
"c:\Users\sszajbely\FlutterProjects\lender_app\lib\essentials\currencies.dart", "Dart", 0, 0, 77, 0, 0, 0, 0, 0, 0, 0, 0, 0, 0, 9, 86
"c:\Users\sszajbely\FlutterProjects\lender_app\lib\essentials\http_handler.dart", "Dart", 0, 0, 414, 0, 0, 0, 0, 0, 0, 0, 0, 0, 32, 23, 469
"c:\Users\sszajbely\FlutterProjects\lender_app\lib\essentials\models.dart", "Dart", 0, 0, 190, 0, 0, 0, 0, 0, 0, 0, 0, 0, 0, 16, 206
"c:\Users\sszajbely\FlutterProjects\lender_app\lib\essentials\navigator_service.dart", "Dart", 0, 0, 12, 0, 0, 0, 0, 0, 0, 0, 0, 0, 0, 3, 15
"c:\Users\sszajbely\FlutterProjects\lender_app\lib\essentials\payments_needed.dart", "Dart", 0, 0, 53, 0, 0, 0, 0, 0, 0, 0, 0, 0, 0, 3, 56
"c:\Users\sszajbely\FlutterProjects\lender_app\lib\essentials\save_preferences.dart", "Dart", 0, 0, 151, 0, 0, 0, 0, 0, 0, 0, 0, 0, 3, 30, 184
"c:\Users\sszajbely\FlutterProjects\lender_app\lib\essentials\stack.dart", "Dart", 0, 0, 14, 0, 0, 0, 0, 0, 0, 0, 0, 0, 0, 9, 23
"c:\Users\sszajbely\FlutterProjects\lender_app\lib\essentials\validation_rules.dart", "Dart", 0, 0, 71, 0, 0, 0, 0, 0, 0, 0, 0, 0, 32, 9, 112
"c:\Users\sszajbely\FlutterProjects\lender_app\lib\essentials\widgets\add_reaction_dialog.dart", "Dart", 0, 0, 146, 0, 0, 0, 0, 0, 0, 0, 0, 0, 0, 8, 154
"c:\Users\sszajbely\FlutterProjects\lender_app\lib\essentials\widgets\calculator.dart", "Dart", 0, 0, 353, 0, 0, 0, 0, 0, 0, 0, 0, 0, 2, 14, 369
"c:\Users\sszajbely\FlutterProjects\lender_app\lib\essentials\widgets\category_picker_dropdown.dart", "Dart", 0, 0, 75, 0, 0, 0, 0, 0, 0, 0, 0, 0, 4, 6, 85
"c:\Users\sszajbely\FlutterProjects\lender_app\lib\essentials\widgets\category_picker_icon_button.dart", "Dart", 0, 0, 40, 0, 0, 0, 0, 0, 0, 0, 0, 0, 0, 5, 45
"c:\Users\sszajbely\FlutterProjects\lender_app\lib\essentials\widgets\confirm_choice_dialog.dart", "Dart", 0, 0, 61, 0, 0, 0, 0, 0, 0, 0, 0, 0, 3, 4, 68
"c:\Users\sszajbely\FlutterProjects\lender_app\lib\essentials\widgets\currency_picker_dropdown.dart", "Dart", 0, 0, 74, 0, 0, 0, 0, 0, 0, 0, 0, 0, 0, 6, 80
"c:\Users\sszajbely\FlutterProjects\lender_app\lib\essentials\widgets\currency_picker_icon_button.dart", "Dart", 0, 0, 49, 0, 0, 0, 0, 0, 0, 0, 0, 0, 0, 6, 55
"c:\Users\sszajbely\FlutterProjects\lender_app\lib\essentials\widgets\custom_amount_dialog.dart", "Dart", 0, 0, 156, 0, 0, 0, 0, 0, 0, 0, 0, 0, 0, 6, 162
"c:\Users\sszajbely\FlutterProjects\lender_app\lib\essentials\widgets\custom_choice_chip.dart", "Dart", 0, 0, 129, 0, 0, 0, 0, 0, 0, 0, 0, 0, 1, 11, 141
"c:\Users\sszajbely\FlutterProjects\lender_app\lib\essentials\widgets\error_message.dart", "Dart", 0, 0, 64, 0, 0, 0, 0, 0, 0, 0, 0, 0, 5, 3, 72
"c:\Users\sszajbely\FlutterProjects\lender_app\lib\essentials\widgets\future_success_dialog.dart", "Dart", 0, 0, 183, 0, 0, 0, 0, 0, 0, 0, 0, 0, 12, 18, 213
"c:\Users\sszajbely\FlutterProjects\lender_app\lib\essentials\widgets\gradient_button.dart", "Dart", 0, 0, 59, 0, 0, 0, 0, 0, 0, 0, 0, 0, 35, 4, 98
"c:\Users\sszajbely\FlutterProjects\lender_app\lib\essentials\widgets\member_chips.dart", "Dart", 0, 0, 210, 0, 0, 0, 0, 0, 0, 0, 0, 0, 0, 11, 221
"c:\Users\sszajbely\FlutterProjects\lender_app\lib\essentials\widgets\past_reaction_container.dart", "Dart", 0, 0, 97, 0, 0, 0, 0, 0, 0, 0, 0, 0, 0, 4, 101
"c:\Users\sszajbely\FlutterProjects\lender_app\lib\essentials\widgets\tap_or_hold_button.dart", "Dart", 0, 0, 68, 0, 0, 0, 0, 0, 0, 0, 0, 0, 13, 14, 95
"c:\Users\sszajbely\FlutterProjects\lender_app\lib\essentials\widgets\version_not_supported_page.dart", "Dart", 0, 0, 55, 0, 0, 0, 0, 0, 0, 0, 0, 0, 0, 2, 57
"c:\Users\sszajbely\FlutterProjects\lender_app\lib\groups\boost_group.dart", "Dart", 0, 0, 162, 0, 0, 0, 0, 0, 0, 0, 0, 0, 0, 10, 172
"c:\Users\sszajbely\FlutterProjects\lender_app\lib\groups\create_group.dart", "Dart", 0, 0, 193, 0, 0, 0, 0, 0, 0, 0, 0, 0, 0, 9, 202
"c:\Users\sszajbely\FlutterProjects\lender_app\lib\groups\dialogs\add_guest_dialog.dart", "Dart", 0, 0, 114, 0, 0, 0, 0, 0, 0, 0, 0, 0, 0, 8, 122
"c:\Users\sszajbely\FlutterProjects\lender_app\lib\groups\dialogs\change_group_currency_dialog.dart", "Dart", 0, 0, 93, 0, 0, 0, 0, 0, 0, 0, 0, 0, 0, 8, 101
"c:\Users\sszajbely\FlutterProjects\lender_app\lib\groups\dialogs\change_nickname_dialog.dart", "Dart", 0, 0, 117, 0, 0, 0, 0, 0, 0, 0, 0, 0, 0, 9, 126
"c:\Users\sszajbely\FlutterProjects\lender_app\lib\groups\dialogs\confirm_leave_dialog.dart", "Dart", 0, 0, 73, 0, 0, 0, 0, 0, 0, 0, 0, 0, 2, 4, 79
"c:\Users\sszajbely\FlutterProjects\lender_app\lib\groups\dialogs\download_export_dialog.dart", "Dart", 0, 0, 134, 0, 0, 0, 0, 0, 0, 0, 0, 0, 0, 7, 141
"c:\Users\sszajbely\FlutterProjects\lender_app\lib\groups\dialogs\rename_group_dialog.dart", "Dart", 0, 0, 117, 0, 0, 0, 0, 0, 0, 0, 0, 0, 0, 11, 128
"c:\Users\sszajbely\FlutterProjects\lender_app\lib\groups\dialogs\select_member_to_merge_dialog.dart", "Dart", 0, 0, 175, 0, 0, 0, 0, 0, 0, 0, 0, 0, 0, 10, 185
"c:\Users\sszajbely\FlutterProjects\lender_app\lib\groups\dialogs\share_group_dialog.dart", "Dart", 0, 0, 70, 0, 0, 0, 0, 0, 0, 0, 0, 0, 0, 5, 75
"c:\Users\sszajbely\FlutterProjects\lender_app\lib\groups\group_members.dart", "Dart", 0, 0, 293, 0, 0, 0, 0, 0, 0, 0, 0, 0, 1, 16, 310
"c:\Users\sszajbely\FlutterProjects\lender_app\lib\groups\group_settings_page.dart", "Dart", 0, 0, 263, 0, 0, 0, 0, 0, 0, 0, 0, 0, 2, 10, 275
"c:\Users\sszajbely\FlutterProjects\lender_app\lib\groups\invitation.dart", "Dart", 0, 0, 525, 0, 0, 0, 0, 0, 0, 0, 0, 0, 0, 17, 542
"c:\Users\sszajbely\FlutterProjects\lender_app\lib\groups\join_group.dart", "Dart", 0, 0, 430, 0, 0, 0, 0, 0, 0, 0, 0, 0, 5, 14, 449
"c:\Users\sszajbely\FlutterProjects\lender_app\lib\groups\main_group_page.dart", "Dart", 0, 0, 911, 0, 0, 0, 0, 0, 0, 0, 0, 0, 27, 26, 964
"c:\Users\sszajbely\FlutterProjects\lender_app\lib\groups\member_all_info.dart", "Dart", 0, 0, 372, 0, 0, 0, 0, 0, 0, 0, 0, 0, 3, 16, 391
"c:\Users\sszajbely\FlutterProjects\lender_app\lib\groups\merge_on_join_page.dart", "Dart", 0, 0, 114, 0, 0, 0, 0, 0, 0, 0, 0, 0, 0, 6, 120
"c:\Users\sszajbely\FlutterProjects\lender_app\lib\groups\qr_scanner_page.dart", "Dart", 0, 0, 102, 0, 0, 0, 0, 0, 0, 0, 0, 0, 0, 6, 108
"c:\Users\sszajbely\FlutterProjects\lender_app\lib\history\all_history_page.dart", "Dart", 0, 0, 508, 0, 0, 0, 0, 0, 0, 0, 0, 0, 3, 17, 528
"c:\Users\sszajbely\FlutterProjects\lender_app\lib\history\history.dart", "Dart", 0, 0, 413, 0, 0, 0, 0, 0, 0, 0, 0, 0, 3, 14, 430
"c:\Users\sszajbely\FlutterProjects\lender_app\lib\history\history_filter.dart", "Dart", 0, 0, 126, 0, 0, 0, 0, 0, 0, 0, 0, 0, 33, 11, 170
"c:\Users\sszajbely\FlutterProjects\lender_app\lib\main.dart", "Dart", 0, 0, 438, 0, 0, 0, 0, 0, 0, 0, 0, 0, 11, 31, 480
"c:\Users\sszajbely\FlutterProjects\lender_app\lib\main\custom_alert_dialog.dart", "Dart", 0, 0, 44, 0, 0, 0, 0, 0, 0, 0, 0, 0, 0, 3, 47
"c:\Users\sszajbely\FlutterProjects\lender_app\lib\main\group_settings_speed_dial.dart", "Dart", 0, 0, 201, 0, 0, 0, 0, 0, 0, 0, 0, 0, 1, 8, 210
"c:\Users\sszajbely\FlutterProjects\lender_app\lib\main\iapp_not_supported_dialog.dart", "Dart", 0, 0, 50, 0, 0, 0, 0, 0, 0, 0, 0, 0, 0, 3, 53
"c:\Users\sszajbely\FlutterProjects\lender_app\lib\main\in_app_purchase_page.dart", "Dart", 0, 0, 174, 0, 0, 0, 0, 0, 0, 0, 0, 0, 5, 7, 186
"c:\Users\sszajbely\FlutterProjects\lender_app\lib\main\like_app_dialog.dart", "Dart", 0, 0, 42, 0, 0, 0, 0, 0, 0, 0, 0, 0, 0, 2, 44
"c:\Users\sszajbely\FlutterProjects\lender_app\lib\main\main_speed_dial.dart", "Dart", 0, 0, 143, 0, 0, 0, 0, 0, 0, 0, 0, 0, 3, 4, 150
"c:\Users\sszajbely\FlutterProjects\lender_app\lib\main\rate_app_dialog.dart", "Dart", 0, 0, 52, 0, 0, 0, 0, 0, 0, 0, 0, 0, 0, 4, 56
"c:\Users\sszajbely\FlutterProjects\lender_app\lib\main\report_a_bug_page.dart", "Dart", 0, 0, 185, 0, 0, 0, 0, 0, 0, 0, 0, 0, 0, 7, 192
"c:\Users\sszajbely\FlutterProjects\lender_app\lib\main\statistics_page.dart", "Dart", 0, 0, 755, 0, 0, 0, 0, 0, 0, 0, 0, 0, 7, 18, 780
"c:\Users\sszajbely\FlutterProjects\lender_app\lib\main\trial_ended_dialog.dart", "Dart", 0, 0, 81, 0, 0, 0, 0, 0, 0, 0, 0, 0, 0, 2, 83
"c:\Users\sszajbely\FlutterProjects\lender_app\lib\main\trial_version_dialog.dart", "Dart", 0, 0, 50, 0, 0, 0, 0, 0, 0, 0, 0, 0, 0, 3, 53
"c:\Users\sszajbely\FlutterProjects\lender_app\lib\payment\add_modify_payment.dart", "Dart", 0, 0, 312, 0, 0, 0, 0, 0, 0, 0, 0, 0, 0, 13, 325
"c:\Users\sszajbely\FlutterProjects\lender_app\lib\payment\add_payment_page.dart", "Dart", 0, 0, 140, 0, 0, 0, 0, 0, 0, 0, 0, 0, 0, 9, 149
"c:\Users\sszajbely\FlutterProjects\lender_app\lib\payment\modify_payment_dialog.dart", "Dart", 0, 0, 160, 0, 0, 0, 0, 0, 0, 0, 0, 0, 0, 9, 169
"c:\Users\sszajbely\FlutterProjects\lender_app\lib\payment\payment_all_info.dart", "Dart", 0, 0, 213, 0, 0, 0, 0, 0, 0, 0, 0, 0, 0, 9, 222
"c:\Users\sszajbely\FlutterProjects\lender_app\lib\payment\payment_entry.dart", "Dart", 0, 0, 187, 0, 0, 0, 0, 0, 0, 0, 0, 0, 0, 7, 194
"c:\Users\sszajbely\FlutterProjects\lender_app\lib\purchase\add_modify_purchase.dart", "Dart", 0, 0, 368, 0, 0, 0, 0, 0, 0, 0, 0, 0, 1, 13, 382
"c:\Users\sszajbely\FlutterProjects\lender_app\lib\purchase\add_purchase_page.dart", "Dart", 0, 0, 250, 0, 0, 0, 0, 0, 0, 0, 0, 0, 0, 12, 262
"c:\Users\sszajbely\FlutterProjects\lender_app\lib\purchase\modify_purchase_dialog.dart", "Dart", 0, 0, 172, 0, 0, 0, 0, 0, 0, 0, 0, 0, 0, 9, 181
"c:\Users\sszajbely\FlutterProjects\lender_app\lib\purchase\purchase_all_info.dart", "Dart", 0, 0, 227, 0, 0, 0, 0, 0, 0, 0, 0, 0, 0, 8, 235
"c:\Users\sszajbely\FlutterProjects\lender_app\lib\purchase\purchase_entry.dart", "Dart", 0, 0, 258, 0, 0, 0, 0, 0, 0, 0, 0, 0, 1, 7, 266
"c:\Users\sszajbely\FlutterProjects\lender_app\lib\shopping\edit_request_dialog.dart", "Dart", 0, 0, 114, 0, 0, 0, 0, 0, 0, 0, 0, 0, 0, 9, 123
"c:\Users\sszajbely\FlutterProjects\lender_app\lib\shopping\im_shopping_dialog.dart", "Dart", 0, 0, 118, 0, 0, 0, 0, 0, 0, 0, 0, 0, 0, 8, 126
"c:\Users\sszajbely\FlutterProjects\lender_app\lib\shopping\shopping_all_info.dart", "Dart", 0, 0, 287, 0, 0, 0, 0, 0, 0, 0, 0, 0, 0, 11, 298
"c:\Users\sszajbely\FlutterProjects\lender_app\lib\shopping\shopping_list.dart", "Dart", 0, 0, 331, 0, 0, 0, 0, 0, 0, 0, 0, 0, 2, 20, 353
"c:\Users\sszajbely\FlutterProjects\lender_app\lib\shopping\shopping_list_entry.dart", "Dart", 0, 0, 285, 0, 0, 0, 0, 0, 0, 0, 0, 0, 1, 15, 301
"c:\Users\sszajbely\FlutterProjects\lender_app\lib\user_settings\about_us.dart", "Dart", 0, 0, 74, 0, 0, 0, 0, 0, 0, 0, 0, 0, 1, 2, 77
"c:\Users\sszajbely\FlutterProjects\lender_app\lib\user_settings\change_language.dart", "Dart", 0, 0, 83, 0, 0, 0, 0, 0, 0, 0, 0, 0, 3, 9, 95
"c:\Users\sszajbely\FlutterProjects\lender_app\lib\user_settings\change_password.dart", "Dart", 0, 0, 63, 0, 0, 0, 0, 0, 0, 0, 0, 0, 0, 4, 67
"c:\Users\sszajbely\FlutterProjects\lender_app\lib\user_settings\change_password_dialog.dart", "Dart", 0, 0, 203, 0, 0, 0, 0, 0, 0, 0, 0, 0, 0, 9, 212
"c:\Users\sszajbely\FlutterProjects\lender_app\lib\user_settings\change_user_currency.dart", "Dart", 0, 0, 59, 0, 0, 0, 0, 0, 0, 0, 0, 0, 0, 4, 63
"c:\Users\sszajbely\FlutterProjects\lender_app\lib\user_settings\change_user_currency_dialog.dart", "Dart", 0, 0, 93, 0, 0, 0, 0, 0, 0, 0, 0, 0, 0, 8, 101
"c:\Users\sszajbely\FlutterProjects\lender_app\lib\user_settings\change_username.dart", "Dart", 0, 0, 61, 0, 0, 0, 0, 0, 0, 0, 0, 0, 0, 4, 65
"c:\Users\sszajbely\FlutterProjects\lender_app\lib\user_settings\change_username_dialog.dart", "Dart", 0, 0, 111, 0, 0, 0, 0, 0, 0, 0, 0, 0, 1, 8, 120
"c:\Users\sszajbely\FlutterProjects\lender_app\lib\user_settings\color_picker.dart", "Dart", 0, 0, 258, 0, 0, 0, 0, 0, 0, 0, 0, 0, 0, 12, 270
"c:\Users\sszajbely\FlutterProjects\lender_app\lib\user_settings\delete_all_data.dart", "Dart", 0, 0, 104, 0, 0, 0, 0, 0, 0, 0, 0, 0, 0, 6, 110
"c:\Users\sszajbely\FlutterProjects\lender_app\lib\user_settings\personalised_ads.dart", "Dart", 0, 0, 107, 0, 0, 0, 0, 0, 0, 0, 0, 0, 0, 7, 114
"c:\Users\sszajbely\FlutterProjects\lender_app\lib\user_settings\reset_tutorial.dart", "Dart", 0, 0, 65, 0, 0, 0, 0, 0, 0, 0, 0, 0, 0, 4, 69
"c:\Users\sszajbely\FlutterProjects\lender_app\lib\user_settings\user_settings_page.dart", "Dart", 0, 0, 90, 0, 0, 0, 0, 0, 0, 0, 0, 0, 0, 5, 95
"c:\Users\sszajbely\FlutterProjects\lender_app\linux\flutter\generated_plugin_registrant.cc", "C++", 11, 0, 0, 0, 0, 0, 0, 0, 0, 0, 0, 0, 4, 5, 20
"c:\Users\sszajbely\FlutterProjects\lender_app\linux\flutter\generated_plugin_registrant.h", "C++", 5, 0, 0, 0, 0, 0, 0, 0, 0, 0, 0, 0, 5, 6, 16
"c:\Users\sszajbely\FlutterProjects\lender_app\linux\flutter\generated_plugins.cmake", "CMake", 0, 20, 0, 0, 0, 0, 0, 0, 0, 0, 0, 0, 0, 6, 26
"c:\Users\sszajbely\FlutterProjects\lender_app\linux\main.cc", "C++", 5, 0, 0, 0, 0, 0, 0, 0, 0, 0, 0, 0, 0, 2, 7
"c:\Users\sszajbely\FlutterProjects\lender_app\linux\my_application.cc", "C++", 75, 0, 0, 0, 0, 0, 0, 0, 0, 0, 0, 0, 11, 20, 106
"c:\Users\sszajbely\FlutterProjects\lender_app\linux\my_application.h", "C++", 7, 0, 0, 0, 0, 0, 0, 0, 0, 0, 0, 0, 7, 5, 19
"c:\Users\sszajbely\FlutterProjects\lender_app\macos\Flutter\GeneratedPluginRegistrant.swift", "Swift", 0, 0, 0, 0, 0, 26, 0, 0, 0, 0, 0, 0, 3, 4, 33
"c:\Users\sszajbely\FlutterProjects\lender_app\macos\Runner\AppDelegate.swift", "Swift", 0, 0, 0, 0, 0, 8, 0, 0, 0, 0, 0, 0, 0, 2, 10
"c:\Users\sszajbely\FlutterProjects\lender_app\macos\Runner\Assets.xcassets\AppIcon.appiconset\Contents.json", "JSON", 0, 0, 0, 0, 0, 0, 0, 68, 0, 0, 0, 0, 0, 1, 69
"c:\Users\sszajbely\FlutterProjects\lender_app\macos\Runner\Base.lproj\MainMenu.xib", "XML", 0, 0, 0, 0, 0, 0, 0, 0, 339, 0, 0, 0, 0, 1, 340
"c:\Users\sszajbely\FlutterProjects\lender_app\macos\Runner\MainFlutterWindow.swift", "Swift", 0, 0, 0, 0, 0, 12, 0, 0, 0, 0, 0, 0, 0, 4, 16
"c:\Users\sszajbely\FlutterProjects\lender_app\pubspec.yaml", "YAML", 0, 0, 0, 55, 0, 0, 0, 0, 0, 0, 0, 0, 42, 14, 111
"c:\Users\sszajbely\FlutterProjects\lender_app\test\widget_test.dart", "Dart", 0, 0, 14, 0, 0, 0, 0, 0, 0, 0, 0, 0, 10, 7, 31
"c:\Users\sszajbely\FlutterProjects\lender_app\web\index.html", "HTML", 0, 0, 0, 0, 0, 0, 98, 0, 0, 0, 0, 0, 17, 7, 122
"c:\Users\sszajbely\FlutterProjects\lender_app\web\manifest.json", "JSON", 0, 0, 0, 0, 0, 0, 0, 23, 0, 0, 0, 0, 0, 1, 24
"c:\Users\sszajbely\FlutterProjects\lender_app\windows\flutter\generated_plugin_registrant.cc", "C++", 15, 0, 0, 0, 0, 0, 0, 0, 0, 0, 0, 0, 4, 5, 24
"c:\Users\sszajbely\FlutterProjects\lender_app\windows\flutter\generated_plugin_registrant.h", "C++", 5, 0, 0, 0, 0, 0, 0, 0, 0, 0, 0, 0, 5, 6, 16
"c:\Users\sszajbely\FlutterProjects\lender_app\windows\flutter\generated_plugins.cmake", "CMake", 0, 22, 0, 0, 0, 0, 0, 0, 0, 0, 0, 0, 0, 6, 28
"c:\Users\sszajbely\FlutterProjects\lender_app\windows\runner\flutter_window.cpp", "C++", 45, 0, 0, 0, 0, 0, 0, 0, 0, 0, 0, 0, 4, 13, 62
"c:\Users\sszajbely\FlutterProjects\lender_app\windows\runner\flutter_window.h", "C++", 20, 0, 0, 0, 0, 0, 0, 0, 0, 0, 0, 0, 5, 9, 34
"c:\Users\sszajbely\FlutterProjects\lender_app\windows\runner\main.cpp", "C++", 30, 0, 0, 0, 0, 0, 0, 0, 0, 0, 0, 0, 4, 10, 44
"c:\Users\sszajbely\FlutterProjects\lender_app\windows\runner\resource.h", "C++", 9, 0, 0, 0, 0, 0, 0, 0, 0, 0, 0, 0, 6, 2, 17
"c:\Users\sszajbely\FlutterProjects\lender_app\windows\runner\utils.cpp", "C++", 53, 0, 0, 0, 0, 0, 0, 0, 0, 0, 0, 0, 2, 10, 65
"c:\Users\sszajbely\FlutterProjects\lender_app\windows\runner\utils.h", "C++", 8, 0, 0, 0, 0, 0, 0, 0, 0, 0, 0, 0, 6, 6, 20
"c:\Users\sszajbely\FlutterProjects\lender_app\windows\runner\win32_window.cpp", "C++", 183, 0, 0, 0, 0, 0, 0, 0, 0, 0, 0, 0, 15, 48, 246
"c:\Users\sszajbely\FlutterProjects\lender_app\windows\runner\win32_window.h", "C++", 48, 0, 0, 0, 0, 0, 0, 0, 0, 0, 0, 0, 29, 22, 99
"Total", "-", 520, 42, 17889, 58, 7, 61, 98, 1537, 532, 111, 9, 30, 543, 1638, 23075